{
  "BTCUSDT": {
    "inPosition": true,
    "entryPrice": 69248.73,
    "stopLoss": 68536.75972,
    "takeProfit": 72711.16649999999,
    "quantity": 0.00434
  },
  "ETHUSDT": {
    "inPosition": true,
    "entryPrice": 2079.88,
    "stopLoss": 2057.37168,
    "takeProfit": 2183.8740000000003,
    "quantity": 0.1446
  },
  "BNBUSDT": {
    "inPosition": true,
    "entryPrice": 634.45,
    "stopLoss": 627.46892,
    "takeProfit": 666.1725000000001,
    "quantity": 0.474
  }
}