{
  "BTCUSDT": {
    "inPosition": true,
    "entryPrice": 69958.23,
    "stopLoss": 69278.54024,
    "takeProfit": 73456.1415,
    "quantity": 0.00452
  },
  "ETHUSDT": {
    "inPosition": true,
    "entryPrice": 2079.88,
    "stopLoss": 2057.37168,
    "takeProfit": 2183.8740000000003,
    "quantity": 0.1446
  },
  "BNBUSDT": {
    "inPosition": true,
    "entryPrice": 634.45,
    "stopLoss": 627.46892,
    "takeProfit": 666.1725000000001,
    "quantity": 0.474
  }
}